id,name,salary,city,address,country
1,Dodie,495,Gostyń,07 Summer Ridge Trail,Poland
2,Mikkel,6064,Kushnytsya,40087 Waxwing Circle,Ukraine
3,Kiley,1811,Buđanovci,468 Tennessee Plaza,Serbia
4,Artemus,5274,Camajuaní,68622 Mitchell Park,Cuba
5,Brigham,938,Tullyallen,8 Heath Road,Ireland
6,Tonia,01481,Donnybrook,4 Autumn Leaf Park,Ireland
7,Bernadene,08,Pau,316 Crescent Oaks Point,France
8,Thekla,1,Jiazhuang,24 Banding Pass,China
9,Hyman,24,Monjas,883 Logan Crossing,Guatemala
10,Cecily,1772,Souto de Cima,3349 Cambridge Court,Portugal
11,Izak,5,Cordeiro,332 Norway Maple Plaza,Brazil
12,Drucy,4415,Pangpang,18002 Cardinal Terrace,Philippines
13,Bree,707,Sa Kaeo,98490 Myrtle Street,Thailand
14,Marabel,6445,Kuala Lumpur,66337 Southridge Trail,Malaysia
15,Aguie,4,Amnat Charoen,061 Thackeray Alley,Thailand
16,Archibold,34,Dziadkowice,01693 Armistice Trail,Poland
17,Shandra,2,Dan Sadau,2384 Brown Circle,Nigeria
18,Barbe,1,Liuhou,71 Loeprich Lane,China
19,Renee,3491,La Esperanza,60504 Artisan Terrace,Honduras
20,Tine,88,Guangfu,0 Sheridan Terrace,China
21,Shanon,8,Łyse,3737 Ridgeway Alley,Poland
22,Ryon,0478,Xiling,94 Birchwood Road,China
23,Shea,7556,Haninge,12 Towne Pass,Sweden
24,Meggy,2045,Kesha,811 Lerdahl Crossing,China
25,Casper,33,Qingnianlu,862 Coleman Avenue,China
26,Arch,85,Pasirpanjang,4 Fallview Plaza,Indonesia
27,Sylas,3099,Daraitan,468 Fisk Junction,Philippines
28,Stacie,40,Kamień Pomorski,21 Myrtle Plaza,Poland
29,Abbott,979,Besisahar,16277 Hudson Pass,Nepal
30,Elyse,78,Dayang,46735 Shelley Park,China
31,Rochella,58244,Dashi,0055 Summerview Court,China
32,Ammamaria,90716,Esparza,1 Dovetail Road,Costa Rica
33,Sterne,3458,Koźle,58982 Westport Terrace,Poland
34,Chrissie,1,Chiba,52791 Loftsgordon Lane,Japan
35,Milli,90898,Ansermanuevo,459 Village Parkway,Colombia
36,Althea,75424,Vinež,5347 Burrows Point,Croatia
37,Pooh,92,Lamduan,702 Mockingbird Road,Thailand
38,Matteo,058,Batu,9 Del Mar Circle,Philippines
39,Chrisse,75,Raleigh,7876 Mesta Place,United States
40,Justus,0210,Chalaco,2 Alpine Avenue,Peru
41,Gordie,15150,Huochang,0428 Donald Park,China
42,Albina,6,Koszęcin,51132 Lerdahl Center,Poland
43,Adi,18182,Lordelo,63519 Thackeray Avenue,Portugal
44,Murvyn,65,Fukui-shi,07 Di Loreto Parkway,Japan
45,Shayla,620,Kotabesi,26691 Welch Pass,Indonesia
46,Shari,4617,Sikeshu,3 School Court,China
47,Carmine,37539,Beauceville,9655 Stone Corner Park,Canada
48,Shelley,8,Tian’an,589 Stephen Circle,China
49,Antonina,428,Cijoho,146 Dryden Park,Indonesia
50,Bess,9340,Xixi,76476 Morrow Circle,China
51,Leeanne,50523,Kragan,12985 Bunting Pass,Indonesia
52,Vaughan,7790,Cileles,38230 Sachs Junction,Indonesia
53,Jammal,2899,Lonpao Dajah,1 Continental Trail,Indonesia
54,Lynna,1933,Kan’onjichō,195 Gale Lane,Japan
55,Leah,88,Zhengji,3956 Manley Lane,China
56,Juliette,1,Cottbus,017 Melby Road,Germany
57,Ashlen,0,Versailles,6863 Starling Park,France
58,Dell,5774,Tiztoutine,04 Darwin Circle,Morocco
59,Kimberlee,36,Palompon,9 Loomis Court,Philippines
60,Casi,005,Wilmington,509 Little Fleur Junction,United States
61,Hew,13111,Nancheng,97712 Maywood Drive,China
62,Danny,898,Evansville,98 Moland Point,United States
63,Tedda,91,Kalmar,27 Emmet Center,Sweden
64,Jordain,00,Jielong,1 Holy Cross Street,China
65,Morgen,734,Vaiusu,4 Derek Hill,Samoa
66,Arri,3932,Muli,87616 Dixon Plaza,Maldives
67,Paquito,67747,Türkmenbaşy,974 Almo Way,Turkmenistan
68,Nanny,29988,Titay,15 Marcy Junction,Philippines
69,Adolphe,64022,Longxing,8639 2nd Hill,China
70,Nealy,6573,Changfeng,89359 Lake View Way,China
71,Stewart,66104,Nantes,7 Bunting Pass,France
72,Ofella,28,Węgrzce Wielkie,8 Lillian Trail,Poland
73,Cobbie,8551,Sremčica,4 Manitowish Lane,Serbia
74,Perren,75899,Nashville,4 Huxley Plaza,United States
75,Fraze,23200,Cuauhtemoc,2707 Glacier Hill Circle,Mexico
76,Hirsch,51761,Kokshetau,240 Armistice Alley,Kazakhstan
77,Northrup,6,Pushkino,4 Hagan Park,Azerbaijan
78,Franz,2,Stanisław Dolny,09247 Northwestern Terrace,Poland
79,Blancha,675,Rouyuan,63530 Fordem Alley,China
80,Brade,57353,Usulután,98 Village Lane,El Salvador
81,Aldwin,92499,Baalbek,6 Chive Parkway,Lebanon
82,Darda,28,Albania,207 Clyde Gallagher Way,Colombia
83,Mose,15,Retiro,21384 Oneill Crossing,Argentina
84,Margarethe,366,Diadema,6487 Vidon Drive,Brazil
85,Renelle,857,Shuakhevi,433 Village Green Way,Georgia
86,Marni,479,Azenhas do Mar,331 Ridgeway Point,Portugal
87,Pamella,6,Rameshki,37 Mifflin Park,Russia
88,Mischa,2166,Luleå,07393 Manley Way,Sweden
89,Sylas,92958,Salimbalan,817 Fisk Lane,Philippines
90,Veronika,82,Murcia,017 Green Plaza,Philippines
91,Aldrich,071,Šluknov,4273 Packers Circle,Czech Republic
92,Conway,7,Verkhozim,311 Delladonna Circle,Russia
93,Melly,1083,Kachkanar,4 West Terrace,Russia
94,Stesha,95,Gabao,41753 Hallows Crossing,Philippines
95,Vic,440,Amargosa,4 Bluestem Pass,Brazil
96,Eleni,05657,Vostochnoe Degunino,20 Elgar Circle,Russia
97,Becca,52674,Farīdpur,3870 Caliangt Street,Bangladesh
98,Nehemiah,90,Säffle,81 Grayhawk Way,Sweden
99,Alfredo,9,Midoun,4896 Sycamore Street,Tunisia
100,Raine,811,Hetian,70 Kenwood Lane,China
101,Janean,36,Aknoul,5493 Crest Line Parkway,Morocco
102,Lillian,30,Barcelona,2503 North Circle,Spain
103,Oralla,3,Kunda,5 Pepper Wood Crossing,Estonia
104,Maud,403,Orahovac,45 Corben Crossing,Kosovo
105,Ninetta,4576,Tiyuguan,6 Fordem Plaza,China
106,Marcie,6,Banjar Bias,48394 2nd Plaza,Indonesia
107,Natasha,2957,Phatthaya,60356 Bunker Hill Street,Thailand
108,Mellisent,91602,Yovon,2465 Center Junction,Tajikistan
109,Rochell,27890,San Carlos,9 Mesta Center,Colombia
110,Jermain,535,Sundbyberg,3 Anzinger Place,Sweden
111,Thain,5507,Kushovë,190 Harbort Drive,Albania
112,Filberte,18,Felege Neway,3 Towne Center,Ethiopia
113,Gabie,986,Huaqiu,10843 Lakeland Hill,China
114,Lowell,1,Trąbki,462 Pine View Circle,Poland
115,Danice,2,Salisbury,8475 Hoffman Drive,Dominica
116,Lola,2087,Drawsko Pomorskie,4122 Forest Dale Avenue,Poland
117,Justen,40,Satinka,4543 Talmadge Point,Russia
118,Christabella,95,Pampas,458 Eastlawn Drive,Peru
119,Phillis,45,Sŏnbong,240 Pankratz Point,North Korea
120,Wilhelmina,4,Smach Mean Chey,8969 Fisk Street,Cambodia
121,Floyd,1071,Xuanhua,24386 Steensland Place,China
122,Odell,726,Zarzal,210 Northwestern Crossing,Colombia
123,Eduino,24082,Allkaj,2747 Meadow Ridge Terrace,Albania
124,Livvy,51862,Zhongba,871 Truax Lane,China
125,Chelsie,44122,Charlton,6 Graedel Trail,United Kingdom
126,Myron,697,Corralito,2 Little Fleur Parkway,Argentina
127,Alphonse,16,Bandar Pusat Jengka,6 Moose Park,Malaysia
128,Jacquelynn,1500,Luojiang,85979 Waubesa Avenue,China
129,Pepe,8,Maputsoe,3 David Trail,Lesotho
130,Lonnie,2,Biecz,9 Main Street,Poland
131,Vyky,59430,Oibioin,09 Westport Road,Indonesia
132,Harmonia,1167,Podporozh’ye,05 Spaight Lane,Russia
133,Emmalynne,99496,Phú Vang,8 Dunning Road,Vietnam
134,Jaime,523,Doyong,79731 Cambridge Alley,Philippines
135,Rolland,42614,Stockholm,9762 Northridge Road,Sweden
136,Burk,6047,Iguape,905 Morrow Drive,Brazil
137,Sully,273,Dazhipo,04716 Bluestem Junction,China
138,Kary,97446,Toul,705 Carberry Court,France
139,Katharine,833,Oštarije,39 Oak Plaza,Croatia
140,Joye,876,Delanggu,30 Northridge Pass,Indonesia
141,Ezra,6567,Pachīr wa Āgām,2649 Crowley Crossing,Afghanistan
142,Schuyler,8824,Madara,319 Scofield Terrace,Nigeria
143,Gard,60069,Tlumach,3 Mifflin Terrace,Ukraine
144,Lea,327,Pampa Hermosa,91 Mcguire Center,Peru
145,Jazmin,57,Xiaodukou,62 East Hill,China
146,Cindy,8055,Luleå,83 Logan Parkway,Sweden
147,Sheff,28160,Sampaloc,8 Grasskamp Road,Philippines
148,Katrinka,45,Memphis,71199 Sommers Trail,United States
149,Louisa,93,Mórrope,0 Dwight Court,Peru
150,Carmella,2896,Kahama,0726 Lukken Alley,Tanzania
151,Caesar,1185,Tibro,4578 Sherman Alley,Sweden
152,Andrea,32507,Giawang,10 Knutson Drive,Philippines
153,Sansone,43829,Przystajń,2729 Kingsford Hill,Poland
154,Almira,01454,Al Majāridah,35386 Park Meadow Terrace,Saudi Arabia
155,Rosalind,1960,Bemposta,4 Red Cloud Point,Portugal
156,Jeni,997,Dawuhan,80 Esker Park,Indonesia
157,Dian,6462,Pagak,59 Wayridge Road,Indonesia
158,Marcelline,15,Numata,3442 Corben Crossing,Japan
159,Belita,22729,Kafarati,154 Prairie Rose Pass,Nigeria
160,Parnell,5590,Strasbourg,5 Sugar Road,France
161,Pammy,9928,Selat,640 Becker Center,Indonesia
162,Anthia,25425,Rekovac,7 Onsgard Hill,Serbia
163,Fionnula,3,Zhangjiayuan,1 Lake View Point,China
164,Ranna,714,Qiaotou,200 Pawling Drive,China
165,Ade,006,Zhenchuan,448 Stuart Crossing,China
166,Dina,8343,Tsimasham,72244 Grayhawk Hill,Bhutan
167,Rozamond,87043,Storozhynets’,088 Mccormick Drive,Ukraine
168,Nichol,250,Turochak,15 Loomis Park,Russia
169,Elia,0904,La Cesira,307 Prairie Rose Court,Argentina
170,Holly,90484,Estevan,97 School Hill,Canada
171,Sheilakathryn,24,Pelotas,11326 Quincy Crossing,Brazil
172,Arlina,949,Nossa Senhora do Socorro,57401 Morningstar Way,Brazil
173,Judas,4290,Thị Trấn Yên Châu,2 Mallard Road,Vietnam
174,Haslett,5480,Luga,0 Oak Valley Place,Russia
175,Cyndy,99546,Changning,749 Thierer Alley,China
176,Barron,1162,Manjakandriana,318 Harbort Crossing,Madagascar
177,Halette,81426,Ciénaga de Oro,5307 Prairie Rose Road,Colombia
178,Karyn,21,Ozatlán,1105 Brickson Park Parkway,El Salvador
179,Constantina,5512,Tuanzhou,2945 Lukken Parkway,China
180,Joscelin,341,Cascavel,9261 Hansons Parkway,Brazil
181,Gun,85,Ankaran,0 Sunbrook Terrace,Slovenia
182,Josy,2575,Błędów,855 Pierstorff Trail,Poland
183,Corine,91478,Piketberg,0 Northview Lane,South Africa
184,Jdavie,989,Taquari,951 Dunning Avenue,Brazil
185,Rani,22,Nizhnedevitsk,6826 Kennedy Park,Russia
186,Lori,179,Belos Ares,21 Anniversary Crossing,Portugal
187,Shelley,7699,Sila Lat,6 Scofield Plaza,Thailand
188,Consuela,8,Borik,8 Talmadge Parkway,Indonesia
189,Clint,33264,Cubará,084 Badeau Way,Colombia
190,Beverley,3237,Riberalta,4609 Moland Road,Bolivia
191,Alaster,7,Ivanec,56318 Kedzie Pass,Croatia
192,Julius,8921,Al Miftāḩ,45 Golf Course Road,Yemen
193,Ermina,3,Coutances,4 Ramsey Terrace,France
194,Samara,57,Mlawat,5 Scott Way,Indonesia
195,Dalenna,98,Herrljunga,45 Gateway Place,Sweden
196,Ethyl,04,Alíartos,80618 Scofield Point,Greece
197,Tonie,215,Passa Quatro,59 Ohio Park,Brazil
198,Melinde,49,Dishnā,75 Marquette Circle,Egypt
199,Angelo,919,Ngawen,69 Portage Crossing,Indonesia
200,Marris,8,Hamburg Bramfeld,8680 Atwood Park,Germany
201,Naoma,6038,Akouda,489 Anniversary Park,Tunisia
202,Olive,1319,Loangmaka,57 Superior Court,Indonesia
203,Bernette,89852,Neiva,84873 Blackbird Terrace,Colombia
204,Giacinta,7,Cleveland,29 Debs Point,United States
205,Jayme,02,Zhenghu,770 Clyde Gallagher Park,China
206,Merilyn,096,Blagaj,670 Annamark Lane,Bosnia and Herzegovina
207,Alexei,00,Krasnolesnyy,87069 Pankratz Road,Russia
208,Iona,316,Vilarelho,56573 Lien Lane,Portugal
209,Netti,5,Sinilian First,3 Weeping Birch Circle,Philippines
210,Zelma,3,Houjiagang,84702 Laurel Street,China
211,Inger,5149,Lyon,40785 Red Cloud Plaza,France
212,Micaela,1,Kamālia,9176 Fordem Road,Pakistan
213,Sandro,807,Daqiao,84609 Onsgard Center,China
214,Geno,09,El Paso,32 Park Meadow Parkway,United States
215,Theda,71588,Dongxing,85881 Russell Lane,China
216,Minnaminnie,276,Växjö,0 Moland Crossing,Sweden
217,Danit,647,Laguna Limpia,5 Morning Parkway,Argentina
218,Giselbert,815,Mazańcowice,9 Clyde Gallagher Drive,Poland
219,Missie,54028,Strängnäs,1 Nelson Way,Sweden
220,Martguerita,898,Munde,039 Weeping Birch Parkway,Indonesia
221,Audrye,04353,Ōhara,95 Saint Paul Way,Japan
222,Pauly,857,Delft,8941 Steensland Street,Netherlands
223,Carce,7,Juan de Acosta,9774 Golf Alley,Colombia
224,Melinda,4265,Candi Prambanan,21 Messerschmidt Drive,Indonesia
225,Yehudi,50,Vila de Rei,80190 Hermina Court,Portugal
226,Gram,5073,Malo,852 Spaight Crossing,Indonesia
227,Lowe,296,Toulon,8 Summer Ridge Crossing,France
228,Danny,18682,San Juan Atitán,30 Fair Oaks Alley,Guatemala
229,Mitchel,6,Bebedouro,819 Ronald Regan Park,Brazil
230,Starlin,3,Quimilí,9 North Point,Argentina
231,Hettie,176,Filabusi,700 Ridgeview Avenue,Zimbabwe
232,Theda,9336,Plakhtiyivka,5534 Doe Crossing Circle,Ukraine
233,Dasya,4,Vidin,4 Talmadge Court,Bulgaria
234,Finley,2639,Legen,1288 Blackbird Trail,Slovenia
235,Mathilde,36769,Zhangcheng,2 Clyde Gallagher Hill,China
236,Vassily,350,Uruobo-Okija,225 Farwell Junction,Nigeria
237,Selena,8629,Fuxing,365 Shelley Terrace,China
238,Rachelle,237,Logung,05 Sloan Drive,Indonesia
239,Mariam,99280,Puning,6 Hayes Lane,China
240,Brynna,59,Santa Marcela,7804 Merry Plaza,Philippines
241,Rhianna,5,Bolondrón,1 Heath Plaza,Cuba
242,Donnamarie,89,Visby,786 Sage Parkway,Sweden
243,Xymenes,7,Colca,65861 Nova Alley,Peru
244,Arline,3831,Bukovec,11 Farragut Court,Czech Republic
245,Bartholomeo,1796,Loma Bonita,968 Buhler Circle,Mexico
246,Herman,527,Nanshi,7843 Prentice Plaza,China
247,Lotty,54,Hovtashen,07418 8th Way,Armenia
248,Jodi,204,Erdu,58003 Bluestem Crossing,China
249,Petr,722,Pasirnangka,3630 Bayside Parkway,Indonesia
250,Kelvin,3,Norrköping,0619 Holy Cross Street,Sweden
251,Timmie,1,Kamru,450 Transport Lane,China
252,Clerissa,4,Yessentukskaya,5 Sage Circle,Russia
253,Jakob,1,Obanazawa,95 Arizona Parkway,Japan
254,Ronnie,2,Fuji,75035 Boyd Hill,China
255,Rollo,513,Karmai,305 Holy Cross Pass,China
256,Zita,35,Chenzui,8 Express Avenue,China
257,Gert,7,Kribi,1769 Crest Line Road,Cameroon
258,Pearla,1650,Mayuan,54 Waxwing Street,China
259,Kameko,8,Oslo,9873 Old Shore Point,Norway
260,Herb,2183,Carnaxide,96 Mosinee Alley,Portugal
261,Evered,94,Guadalupe,59046 Maywood Center,Mexico
262,Marge,659,Goujie,4376 Prairieview Pass,China
263,Sarene,1,Domoni,8 Almo Park,Comoros
264,Brandtr,2701,Dieppe,57234 Twin Pines Street,France
265,Zacharias,838,Kamyshevatskaya,95 Acker Junction,Russia
266,Chad,4770,Carson City,599 Oneill Crossing,United States
267,Hillary,4,Bangonay,2 Fulton Street,Philippines
268,Josh,4454,Badrah,5590 Maywood Way,Mongolia
269,Nevins,74805,Kasugai,895 Marcy Avenue,Japan
270,Malina,140,Lins,2 Bartillon Parkway,Brazil
271,Graig,1362,Candelaria,40822 Thierer Avenue,Colombia
272,Kelsey,99718,Guayaramerín,3 Thackeray Alley,Bolivia
273,Cherry,15,Sison,819 Lawn Park,Philippines
274,Marguerite,624,Malaba,7213 Laurel Terrace,Kenya
275,Emlyn,73,Charleston,1 Eagle Crest Hill,United States
276,Cami,79,Sarrazola,6 Anzinger Street,Portugal
277,Katinka,25,Pingqiao,1896 Havey Parkway,China
278,Stanwood,18738,Ishqoshim,10440 West Street,Tajikistan
279,Quinn,01,Xingyi,780 Pawling Alley,China
280,Raeann,2837,Jixian,79 Truax Point,China
281,Quentin,00,Kaburon,70 Ohio Alley,Indonesia
282,Frasier,1,Fiditi,3308 Manufacturers Street,Nigeria
283,Marybeth,5660,Marseille,906 Melrose Point,France
284,Elle,85,Laolong,683 Magdeline Junction,China
285,Jack,7,Juancheng,8725 Gulseth Avenue,China
286,Olivero,2620,Santa Cruz La Laguna,1830 Summer Ridge Point,Guatemala
287,Rouvin,284,Dongjiao,9 Red Cloud Alley,China
288,Joshia,33,Kulase,9 Luster Trail,Philippines
289,Grenville,1537,Lincheng,75825 Oak Way,China
290,Dniren,9367,Dalang,06550 Canary Crossing,China
291,Herold,027,Miguel Hidalgo,18030 Derek Crossing,Mexico
292,Karoly,474,Cachoeira do Sul,0861 Barby Road,Brazil
293,Ethelda,96,Xiaqiao,6 Roxbury Court,China
294,Grazia,72,Cisitu,491 Fisk Trail,Indonesia
295,Toby,030,Ccatca,09018 Portage Center,Peru
296,Moreen,9848,Taposan,24 Sommers Junction,Indonesia
297,Lucais,2378,Dante Delgado,749 Forster Trail,Mexico
298,Cy,384,Barg-e Matāl,3206 Annamark Road,Afghanistan
299,Kellen,3262,Dortmund,702 Johnson Junction,Germany
300,Constancia,53276,Jankovec,813 Arapahoe Hill,Macedonia
301,Ardith,0,Oro Verde,9868 Nobel Avenue,Argentina
302,Dani,2,Almaznyy,03643 Fremont Center,Russia
303,Shermie,4,Dahe,6869 Menomonie Alley,China
304,Fabio,56131,Jablah,49078 Maple Pass,Syria
305,Marianna,65,Botshabelo,15 Red Cloud Street,South Africa
306,Sky,7,Fort Smith,3 Cherokee Circle,Canada
307,Leland,596,Koltubanovskiy,4660 Tennessee Hill,Russia
308,Brandi,385,Voskop,1 Arizona Junction,Albania
309,Eldridge,23,Mascouche,9 Beilfuss Pass,Canada
310,Rutherford,67330,Gołkowice,0 Hoepker Avenue,Poland
311,Wood,73846,Bozkow,452 Mendota Avenue,Poland
312,Margareta,403,Ngulakan,6 Dapin Avenue,Indonesia
313,Skye,6,Tangfang,52 Claremont Trail,China
314,Alphard,4,Jingzhou,63 Gulseth Circle,China
315,Chastity,71320,Canmang,97 Grim Place,China
316,Hildegaard,508,Bubanza,0975 Almo Plaza,Burundi
317,Beverlie,29548,Daba,1 Di Loreto Point,China
318,Fraser,0,Igarapé,41601 Kenwood Drive,Brazil
319,Maurita,61581,Rokytnice,221 Michigan Circle,Czech Republic
320,Deborah,7,Mandráki,17334 Mockingbird Point,Greece
321,Toma,0215,Šenkovec,21 Rutledge Circle,Croatia
322,Rica,7317,Conceição da Feira,7785 Forest Dale Plaza,Brazil
323,Ilise,0338,Xinba,9 Trailsway Place,China
324,Druci,6,Aianí,25 Linden Place,Greece
325,Melisande,87509,Kamenskiy,703 Sutteridge Place,Russia
326,Amerigo,3,Samur,1440 Shasta Plaza,Azerbaijan
327,Skipper,56093,Puji,239 Amoth Hill,China
328,Karia,3431,Tiemen,7 Cambridge Court,China
329,Katerine,5,Marcabamba,32018 Scofield Drive,Peru
330,Brew,71569,Emmen,74 Roth Hill,Netherlands
331,Gill,0185,San Antonio,0 Lerdahl Alley,Mexico
332,Courtenay,3,Pitrufquén,1835 Welch Center,Chile
333,Stafford,159,Betong,33 Northport Pass,Thailand
334,Seline,700,Kalývia,747 Ilene Pass,Greece
335,Winnah,10731,Eg,29612 Pennsylvania Terrace,Mongolia
336,Hernando,051,Arras,6491 Eagle Crest Point,France
337,Abigail,85,Guanlu,10 Mallory Road,China
338,Farlay,11,Esuk Oron,2 Manley Alley,Nigeria
339,Eugen,56703,Krzyżowice,77638 Cascade Terrace,Poland
340,Candide,775,Kuala Lumpur,1 Vernon Avenue,Malaysia
341,Terrijo,1,Moate,7 Michigan Crossing,Ireland
342,Almeta,7066,Xiangfeng,70 Claremont Drive,China
343,Valina,67458,Niaohe,339 Merry Park,China
344,Sissie,1,Cisewu,310 Hanson Street,Indonesia
345,Jedediah,2,Shangdian,712 Veith Road,China
346,Ahmed,78,Kadujajar,24214 Brentwood Place,Indonesia
347,Stefano,16535,Pucara,85515 Oneill Park,Peru
348,Thornton,9,Fucha,8517 Sutherland Way,China
349,Miller,1232,Megalochórion,68 Monument Circle,Greece
350,Emerson,5567,Pamotan,4 Ilene Terrace,Indonesia
351,Silvain,1059,Arıqıran,5 Vahlen Lane,Azerbaijan
352,Flss,71,Mweka,5304 Drewry Trail,Democratic Republic of the Congo
353,Peterus,005,Roriz,15769 Shoshone Street,Portugal
354,Tanitansy,67597,Puerto Natales,5423 Warrior Point,Chile
355,Perice,6337,Centre de Flacq,2 Sherman Hill,Mauritius
356,Dionysus,8,Erjiegou,9792 Veith Circle,China
357,Eamon,798,Methven,8956 Buena Vista Court,New Zealand
358,Candida,802,Kwidzyn,912 Browning Plaza,Poland
359,Cherrita,28207,Yatsuomachi-higashikumisaka,8324 Northview Plaza,Japan
360,Tam,3,Kalnibolotskaya,38 Northview Point,Russia
361,Bernie,7,Riang Tengah,0659 Little Fleur Terrace,Indonesia
362,Kevina,621,Rungis,6 Tennessee Park,France
363,Janel,3685,Linpu,979 Bobwhite Place,China
364,Vita,03,Villeurbanne,013 Steensland Point,France
365,Margy,0291,Qiaobian,211 Petterle Hill,China
366,Augustus,1,Bohus,101 Florence Crossing,Sweden
367,Cacilie,2949,Zhouxi,668 Morrow Terrace,China
368,Lewie,40713,Las Vegas,0011 Arizona Drive,United States
369,Marissa,35312,Kamennogorsk,574 Linden Circle,Russia
370,Carleton,6,Oliveirinha,3610 Carpenter Street,Portugal
371,Lilias,0620,Chenglin,1 Lunder Point,China
372,Eugenio,55340,Telnice,1525 Rieder Lane,Czech Republic
373,Bealle,0,Liangkou,6675 Grayhawk Hill,China
374,Silas,12,Aoqiao,418 Memorial Road,China
375,Giusto,9,Dongtuan,7373 Arizona Place,China
376,Galvan,07,Koua,01266 Anniversary Avenue,Comoros
377,Elsa,8,Tongjing,54 Lindbergh Trail,China
378,Laural,58,Minakuchi,4086 Novick Road,Japan
379,Jerald,81957,Pingtan,6 Hooker Plaza,China
380,Donnie,8,Almeria,86 Jenifer Center,Spain
381,Avril,40671,Trzciana,364 Stephen Plaza,Poland
382,Damaris,78,Klippan,222 Northfield Alley,Sweden
383,Konstanze,20487,Musan-ŭp,36320 Onsgard Parkway,North Korea
384,Ola,551,Suqin Huimin,02 Basil Crossing,China
385,Cory,6092,Donghoufang,75 Westport Hill,China
386,Ceciley,399,Lasusua,3 Hudson Pass,Indonesia
387,Janaya,20,Ladário,4221 Hudson Alley,Brazil
388,Marleah,0,Qushi’an,459 Graedel Place,China
389,Jobyna,04,Huamachuco,0683 Tennessee Park,Peru
390,Dudley,2054,Kiryandongo,4 Main Way,Uganda
391,Joleen,58,Goiás,4450 Lawn Center,Brazil
392,Bruce,53,Muchkapskiy,5841 Comanche Hill,Russia
393,Eileen,512,Nangalisan,67785 Charing Cross Street,Philippines
394,Rahal,071,Bukama,0 Vidon Avenue,Democratic Republic of the Congo
395,Marissa,39,Elektrėnai,5 Moose Crossing,Lithuania
396,Anica,3,Ingarö,51 Coolidge Point,Sweden
397,Dore,4578,Carrasqueira,9104 Mcguire Crossing,Portugal
398,Stephannie,4053,Hūn,1890 Fremont Terrace,Libya
399,Abel,21,Novoishimskiy,14111 Petterle Junction,Kazakhstan
400,Dante,08345,Bosilovo,35 Sutherland Center,Macedonia
401,Trev,75566,Paris 17,9 Delladonna Junction,France
402,Donielle,573,Skokovi,7 Montana Pass,Bosnia and Herzegovina
403,Cherry,5,Kura,483 Gateway Parkway,Nigeria
404,Phillipe,30346,Heqiao,943 3rd Point,China
405,Derron,39141,Thamaga,60 Mayer Circle,Botswana
406,Giffie,1108,Chishan,74 Montana Center,China
407,Bessy,3711,Xilópolis,76670 Nova Court,Greece
408,Bert,02595,Volary,2 Helena Park,Czech Republic
409,Carleen,704,Duwayr Raslān,95445 International Avenue,Syria
410,Sashenka,82975,Roma,07249 Holmberg Place,Italy
411,Camala,36,Atawutung,8 Kim Trail,Indonesia
412,Pansy,91075,Esmeralda,16407 Gerald Street,Cuba
413,Derk,75911,Młynary,38 Cherokee Crossing,Poland
414,Jacquetta,9,Halle,8 Crownhardt Way,Germany
415,Glynda,3769,Serra Talhada,8 Lakeland Court,Brazil
416,Rosabel,231,Wulan Hada,1 Warrior Avenue,China
417,Averyl,6,Giado,6425 Hayes Parkway,Libya
418,Maurits,9523,Pásion,2661 Northview Road,Greece
419,Virgil,8,San José El Ídolo,3824 Miller Park,Guatemala
420,Job,8211,Kuala Terengganu,320 Melvin Court,Malaysia
421,Burtie,6,Nato,0672 Grover Lane,Philippines
422,Lorinda,0,Montauban,58896 Pepper Wood Terrace,France
423,Olwen,931,Zvenigorod,83886 Anhalt Road,Russia
424,Maryellen,6,Suibara,1 Rigney Pass,Japan
425,Alessandro,808,Zhangqiang,2152 Londonderry Point,China
426,Emogene,770,Yangcheng,80823 Graceland Drive,China
427,Allyn,0,Sonquil,268 Brickson Park Hill,Philippines
428,Chrisse,6,Belize City,82447 Scott Lane,Belize
429,Husain,20872,Budënnovsk,11586 Aberg Crossing,Russia
430,Birch,7,Raofeng,809 Maple Avenue,China
431,Gilligan,899,Melaka,8 Lake View Hill,Malaysia
432,Kent,53,Seremban,61018 Springs Drive,Malaysia
433,Cindelyn,387,Guangping,327 Gulseth Circle,China
434,Cassy,71,Masaki-chō,67 Milwaukee Park,Japan
435,Adolphus,158,Foča,5 Beilfuss Terrace,Bosnia and Herzegovina
436,Benita,0,Pandanrejokrajan,17726 Holmberg Avenue,Indonesia
437,Aldo,41,Cipicung,85383 Fuller Street,Indonesia
438,Zondra,88052,Changtan,82 Maple Road,China
439,Bondon,77067,Dairiti,874 Manitowish Park,Indonesia
440,Ignatius,615,Liulang,31 Reinke Alley,China
441,Alisander,90551,Bauchi,946 Hazelcrest Center,Nigeria
442,Ephrem,186,Jabłoń,203 Talmadge Trail,Poland
443,Lucita,41,Noshiro,61 David Street,Japan
444,Orlando,51,Shangying,251 Leroy Alley,China
445,Dur,14,Wootton,86412 Elmside Road,United Kingdom
446,Sharity,00574,Mantes-la-Jolie,30 Messerschmidt Point,France
447,Aldous,7,San Marcelino,642 Acker Center,Philippines
448,Zach,93309,Berbérati,12432 Nancy Terrace,Central African Republic
449,Dian,99,Orillia,2 Mallard Crossing,Canada
450,Coralyn,08785,Taiping,7644 Maple Pass,China
451,Ophelia,8788,Monção,69 Dixon Junction,Portugal
452,Tucky,58259,Hamburg,5672 Service Plaza,Germany
453,Clark,6412,Duanjia,1737 Warbler Place,China
454,Madge,1,Krosno,4 Caliangt Street,Poland
455,Aurelia,31302,Yingchuan,31037 Spaight Way,China
456,Carmella,288,Wielgie,797 International Place,Poland
457,Baily,3,Alavus,218 Mcguire Trail,Finland
458,Cinnamon,8021,Barr,3 Luster Street,France
459,Israel,15,Panan,6 Daystar Alley,Philippines
460,Tamma,104,Hexiangqiao,6993 Holy Cross Circle,China
461,Gideon,029,Skórzec,3 Shasta Trail,Poland
462,Karna,846,Quichuay,60 Miller Drive,Peru
463,Deborah,50,Vichy,20732 Amoth Way,France
464,Shelbi,4,Palca,04637 Macpherson Plaza,Peru
465,Isa,2175,Detroit,6 Canary Pass,United States
466,Sharlene,56350,Chizhou,68 Erie Pass,China
467,Chanda,83,Ban Phaeo,9339 Kropf Point,Thailand
468,Lorrie,7974,Gubkinskiy,7207 Waywood Way,Russia
469,Mehetabel,3,Apitong,1 Manufacturers Hill,Philippines
470,Thorny,16377,IJmuiden,548 Forest Point,Netherlands
471,Ronna,216,Vegreville,76 Ryan Hill,Canada
472,Fianna,25390,Casa Nova,78645 Crest Line Way,Portugal
473,Amara,38,Nozdrzec,67987 Elgar Crossing,Poland
474,Avery,10,Nungga,0 Lakewood Court,Indonesia
475,Tanny,346,Dashiren,7 Melody Avenue,China
476,Parrnell,9,Guilherand-Granges,7755 Lakewood Gardens Place,France
477,Darin,1020,Khotynets,123 Thompson Hill,Russia
478,Clemmy,00823,San Isidro,54 Old Shore Junction,Mexico
479,Annadiane,796,Melgar,6 Sage Court,Colombia
480,Herbert,97,Oum Hadjer,998 Orin Way,Chad
481,Fletch,85,Landerneau,1172 Brentwood Park,France
482,Emmy,441,Taraban Timur,7 3rd Avenue,Indonesia
483,Alon,827,Kholm,71222 Rusk Plaza,Russia
484,Archibaldo,6958,Gulai,8254 Stephen Street,China
485,Clem,4,Rumbek,86 Autumn Leaf Plaza,South Sudan
486,Chanda,09619,Paris 19,29115 Arizona Trail,France
487,Pietrek,04849,Calheta de Nesquim,5 Randy Center,Portugal
488,Alberta,0,Reriz,92912 Oxford Circle,Portugal
489,Cristionna,45,Barwałd Średni,085 Scoville Alley,Poland
490,Nev,8,Dongle,4070 Heath Way,China
491,Antonino,16,Radojevo,79056 Golf Park,Serbia
492,Kenton,64667,Balangkayan,229 American Ash Way,Philippines
493,Sargent,208,Pukou,0 Sachtjen Drive,China
494,Ellen,5,Afareaitu,2 Mccormick Drive,French Polynesia
495,Isabelita,47113,Purral,92986 Dakota Terrace,Costa Rica
496,Rosabella,53,Siparia,0574 Prairieview Terrace,Trinidad and Tobago
497,Washington,24,Frösön,8 Crest Line Pass,Sweden
498,Royal,93371,Taremskoye,0 Prairieview Street,Russia
499,Sancho,1,Bronx,67 Bashford Way,United States
500,Josi,11999,Paisha,8 Kropf Court,China
501,Delphinia,75068,Stockholm,7924 Anhalt Junction,Sweden
502,Lorrie,6863,Huangzhai,2 Hanover Hill,China
503,Enrique,8825,Basen,430 Cody Parkway,Indonesia
504,Neron,92069,Zeerust,19 Clemons Avenue,South Africa
505,Bat,8,Macklin,78 Eagle Crest Way,Canada
506,Carlene,4267,Gimbi,6115 Stone Corner Place,Ethiopia
507,Nananne,4942,Picton,93 Bartelt Trail,Canada
508,Edouard,7,Xike,0 Red Cloud Terrace,China
509,Urban,52323,Paprotnia,44 Manley Pass,Poland
510,Curtice,6473,Pancanagara,960 Sugar Terrace,Indonesia
511,Tobit,1569,Hanfeng,8671 Steensland Park,China
512,Walt,67070,Margen,41 Truax Circle,Philippines
513,Arda,0,Janūb as Surrah,36521 Riverside Junction,Kuwait
514,Rivi,813,Sincé,71852 Laurel Road,Colombia
515,Pam,1343,Pulau Pinang,1 Northridge Street,Malaysia
516,Torey,40,Boavista,336 Mallory Court,Portugal
517,Stanton,51,Vermelha,5968 Mitchell Crossing,Portugal
518,Dorolice,1,Thiès Nones,867 Melvin Way,Senegal
519,Margie,7245,Tepal,52469 Northland Alley,Indonesia
520,Dore,677,Muzi,8 Onsgard Road,China
521,Wynnie,81980,Nangka,85954 Fallview Road,Indonesia
522,Sandro,4186,Vihāri,819 American Avenue,Pakistan
523,Josiah,170,Farriar,3 Sycamore Plaza,Venezuela
524,Kailey,8,Zhentou,256 La Follette Crossing,China
525,Jase,5865,Senneterre,70228 Barnett Trail,Canada
526,Pedro,922,Tommot,2396 Hauk Street,Russia
527,Susanna,41,Tanjung Timur,6658 Sycamore Avenue,Indonesia
528,Calida,9,Mandaluyong City,564 Judy Terrace,Philippines
529,Raddie,68,Staraya Kupavna,14 Luster Parkway,Russia
530,Dewie,521,Soraya,7 Pine View Trail,Peru
531,Cy,2,Tianmen,37551 Kedzie Terrace,China
532,Chaddie,02080,Além,700 Warbler Way,Portugal
533,Hyman,6249,Zavety Il’icha,0 Prairie Rose Crossing,Russia
534,Ado,21,Borino,3163 Warner Place,Bulgaria
535,Thorndike,022,Alfenas,77 Eastwood Parkway,Brazil
536,Cindelyn,6,Kalangsari,4422 Haas Way,Indonesia
537,Cordy,15,Małkinia Górna,422 Dennis Center,Poland
538,Shaughn,91,Panghadangan,651 North Place,Indonesia
539,Kate,953,Sakaidechō,77 Summer Ridge Pass,Japan
540,Marigold,98585,Orita Eruwa,216 Sutteridge Park,Nigeria
541,Dennie,2,Tanūmah,04419 Sutherland Lane,Saudi Arabia
542,Francene,710,Dhī Nā‘im,33 Sloan Road,Yemen
543,Farra,651,Evxinoúpolis,4945 Burning Wood Avenue,Greece
544,Chad,155,Dete,977 Londonderry Road,Zimbabwe
545,Hamil,17,Kristinehamn,543 Forest Dale Court,Sweden
546,Shanie,2296,Bazar-Korgon,1952 Quincy Terrace,Kyrgyzstan
547,Lynna,79264,Dimona,5274 Carpenter Avenue,Israel
548,Elbertine,58,Qinxi,15 Briar Crest Crossing,China
549,Ricardo,26,Il’ka,5058 Eastwood Avenue,Russia
550,Andi,59,Helang,39 Holy Cross Center,China
551,Carny,92690,El Almendro,6855 Mayfield Park,Nicaragua
552,Ode,81100,Villeneuve-la-Garenne,592 Graedel Center,France
553,Winnie,6269,Caeté,8214 Havey Road,Brazil
554,Yorke,4,Áyios Nikólaos,73126 Emmet Avenue,Greece
555,Katalin,500,Porkhov,7 Straubel Center,Russia
556,Phaidra,8,Lianhua,60308 Graedel Crossing,China
557,Darryl,8218,Negotin,44104 Algoma Way,Serbia
558,Aili,4,Al Ghizlānīyah,14413 Blue Bill Park Pass,Syria
559,Moise,16658,Wołczyn,441 Barby Lane,Poland
560,Jolene,1,Chicacao,124 Prairieview Parkway,Guatemala
561,Georgette,9542,Aemura,2492 Waywood Way,Indonesia
562,Leta,45190,Guangyuan,1 Petterle Point,China
563,Gerda,73,Usa River,962 Russell Drive,Tanzania
564,Sherie,19,Xitianwei,7 Oakridge Parkway,China
565,Kippy,9778,Gabrovo,756 Oak Place,Bulgaria
566,Christal,115,Piuí,554 Buena Vista Junction,Brazil
567,Vaclav,00,Las Tejerías,85 Nevada Parkway,Venezuela
568,Tull,02,Otrokovice,5 Thierer Parkway,Czech Republic
569,Mab,6,Pagelaran,014 Crest Line Crossing,Indonesia
570,Angie,1,Lis,69 Claremont Trail,Albania
571,Chalmers,24703,Mérignac,6852 Manitowish Street,France
572,Dorian,4014,Bourg-en-Bresse,92 Beilfuss Hill,France
573,Loydie,559,Cobre,75125 Bunting Road,Portugal
574,Caesar,30721,Hongch’ŏn,131 Stoughton Circle,South Korea
575,Hayley,02108,Ten’gushevo,0607 Corry Drive,Russia
576,Hartley,0,Síkinos,547 Mariners Cove Drive,Greece
577,Jonah,83,Kinango,8 Hazelcrest Junction,Kenya
578,Kasey,7,Cimaung Kidul,05157 Linden Parkway,Indonesia
579,Caty,67527,Sarykemer,3 Morningstar Park,Kazakhstan
580,Loleta,2,Quintas,5 Di Loreto Avenue,Portugal
581,Helga,477,Arbaoua,81544 Swallow Crossing,Morocco
582,Thom,434,Hanchang,72185 Birchwood Hill,China
583,Jule,679,Eldoret,2 Mitchell Plaza,Kenya
584,Grethel,05,Shuikou,6614 Vera Center,China
585,Rees,68825,Nova Praha,9 Westend Center,Ukraine
586,Celia,9965,Yakimovo,1 Porter Center,Bulgaria
587,Christophorus,001,Longtou,95309 Onsgard Park,China
588,Currie,923,Tawen Aobao,3698 Mcguire Court,China
589,Broderick,246,Yono,5719 Sycamore Park,Japan
590,Elisha,76,Leon,9258 Dakota Place,Spain
591,Hayes,9,Sindangsuka,30 Dahle Park,Indonesia
592,Ariela,1997,Itambé,65 Annamark Alley,Brazil
593,Dee dee,0072,Uripa,3 Merchant Crossing,Peru
594,Torre,18097,Medeiros Neto,68 Maryland Terrace,Brazil
595,Ardeen,472,Sundsvall,7057 Ilene Circle,Sweden
596,Mel,76881,Koslan,17410 Fieldstone Street,Russia
597,Alana,2,Amfíkleia,79 North Street,Greece
598,Dunn,50,Agía Triáda,7 Alpine Hill,Greece
599,Saunders,0,Bhiria,95 Maple Hill,Pakistan
600,Madelon,16484,Koror,86759 Londonderry Lane,Palau
601,Natasha,898,Rikitgaib,6 Dawn Court,Indonesia
602,Dinnie,85,Kigoma,61 Fair Oaks Avenue,Tanzania
603,Angela,9,San Miguel Ixtahuacán,958 Raven Way,Guatemala
604,Karly,4,Gjirokastër,340 High Crossing Circle,Albania
605,Kile,68,Montalvão,0004 Northridge Park,Portugal
606,Maureen,894,Porto Feliz,44 Golf Course Court,Brazil
607,Nickola,73615,Åtvidaberg,74783 4th Point,Sweden
608,Granthem,053,Veliki Grđevac,68316 Killdeer Park,Croatia
609,Griffin,3909,Mérignac,61815 6th Hill,France
610,Osmond,08652,Sioah,940 Havey Crossing,Indonesia
611,Aurelie,892,Tupesy,405 Elmside Pass,Czech Republic
612,Solly,45085,Gaoqiu,12846 Mcguire Crossing,China
613,Rheba,90,Amirabad,3772 Carioca Street,Pakistan
614,Englebert,4659,Syamzha,5 Orin Junction,Russia
615,Martguerita,0384,Brooklyn,3 Center Plaza,United States
616,Tessi,9,Carapelhos,90929 2nd Junction,Portugal
617,Trev,1022,Cortes,3 Debra Street,Philippines
618,Marketa,95297,Khanabad,08 Scofield Alley,Afghanistan
619,Nettie,4,Kalde Panga,074 Waxwing Avenue,Indonesia
620,Mart,7668,Haoxinying,7 Bluestem Avenue,China
621,Fremont,2080,Tolkmicko,7657 Thompson Road,Poland
622,Jacquenetta,226,Norfolk,18 Sutteridge Place,United States
623,Madelena,64771,Nampera,3729 Goodland Avenue,Indonesia
624,Jackie,505,Wewit,1 Bunting Alley,Indonesia
625,Stesha,12,Tuluá,69530 Union Hill,Colombia
626,Erik,6,Pag-asa,8 Dorton Parkway,Philippines
627,Grady,2793,Sovetakan,53 Lukken Road,Armenia
628,Francois,26187,Guruyan,33665 Thompson Alley,Philippines
629,Mickie,04,Arkalyk,5379 Anderson Circle,Kazakhstan
630,Louella,8449,Vanderhoof,3951 Northridge Plaza,Canada
631,Minor,84,Qalaikhumb,1 Summer Ridge Court,Tajikistan
632,Prentice,3,Xiangzhu,8 Orin Park,China
633,Andie,03127,Macheke,8 Pine View Center,Zimbabwe
634,Wenonah,9,Fresno,1666 Sugar Way,United States
635,Dorine,762,Gabi,5 Jana Way,Philippines
636,Mariquilla,55,Lahad Datu,0890 Hollow Ridge Street,Malaysia
637,Pollyanna,6,Shijie,01473 Meadow Ridge Circle,China
638,Kate,785,Liangting,12057 Anderson Avenue,China
639,Roscoe,69694,Long Beach,41 Crownhardt Junction,United States
640,Leo,57095,Cacaopera,363 Lukken Drive,El Salvador
641,Adamo,7,Fengjiang,11392 Corry Alley,China
642,Syd,8841,Huangdu,7 Summerview Place,China
643,Dilly,25280,Lianghe,16579 Moulton Place,China
644,Gerianna,68,Camden,31018 Northview Park,United States
645,Hans,4,Santa Rita,6 Memorial Plaza,Philippines
646,Arabele,27,Katsuyama,4 Thierer Avenue,Japan
647,Kimberlyn,1741,Bojonggenteng,91 Sage Junction,Indonesia
648,Tani,2,Kéfalos,35 Summit Trail,Greece
649,Nonie,2486,Fujinomiya,7 Truax Terrace,Japan
650,Tove,0281,Houmt Souk,3088 Tomscot Center,Tunisia
651,Gigi,6,Nanyang,7 New Castle Road,China
652,Claudian,42,‘Attīl,6839 Crownhardt Junction,Palestinian Territory
653,Herman,96,Póvoa de Santo António,1786 Fulton Street,Portugal
654,Karlene,481,Ouésso,46159 Bashford Lane,Republic of the Congo
655,Delmer,4,Boavista,86 Ilene Park,Portugal
656,Georgiana,90,Padaimut,96 Golf View Road,Indonesia
657,Dorris,2713,Xiachu,28972 Merry Road,China
658,Micky,117,Paços de Ferreira,8741 Oak Valley Parkway,Portugal
659,Jarvis,4702,Tekes,1477 Roth Junction,China
660,Terri,94722,Linoan,215 Rusk Park,Philippines
661,Abbie,93,Sędziejowice,628 Cordelia Street,Poland
662,Elfie,95882,Guaduas,111 Forest Dale Drive,Colombia
663,Edita,9392,Romanovskaya,47667 Clyde Gallagher Point,Russia
664,Horst,1,Gaoqiao,25 Surrey Parkway,China
665,Marlee,58142,Cucuyagua,57 Tony Hill,Honduras
666,Diane,9,Kagoro,0 Carberry Junction,Nigeria
667,Michelle,6,Keputran,33289 Westend Park,Indonesia
668,Caron,141,Auna,5 Del Sol Drive,Nigeria
669,Ulrich,24307,Harstad,1 Sachs Road,Norway
670,Raeann,39,Dobrljin,4 Bellgrove Place,Bosnia and Herzegovina
671,Marketa,7,Embalse,29 Gina Lane,Argentina
672,Etienne,0,Lendan,31 Clyde Gallagher Park,Indonesia
673,Morissa,44668,Zaliznychne,851 Loomis Alley,Ukraine
674,Leanora,824,Phoenix,06922 American Court,United States
675,Leia,51480,Valeirinha,59 Anderson Circle,Portugal
676,Elladine,1,Iñapari,75 Mariners Cove Hill,Peru
677,Angel,0,Phú Khương,3407 Kropf Drive,Vietnam
678,Ludovika,89,Cimo de Vila,04630 Clarendon Pass,Portugal
679,Stirling,62,Kamenica,754 Merchant Center,Serbia
680,Randene,1,Wangjing,51 Maple Wood Plaza,China
681,Lenci,13517,Vicente Guerrero,2 Del Sol Circle,Mexico
682,Joyann,6151,Soriano,9963 Burning Wood Avenue,Uruguay
683,Tobit,3,Tangwang,0 Mccormick Avenue,China
684,Cecil,5362,Indianapolis,29 Claremont Drive,United States
685,Edgard,29470,Chernoyerkovskaya,5551 Nevada Street,Russia
686,Nance,54042,Heshengbao,4 Lake View Trail,China
687,Minnaminnie,55,Syrskoye,4467 Bluestem Hill,Russia
688,Viviene,5547,Žitenice,36940 Farwell Road,Czech Republic
689,Marlin,69,San Juan Opico,5870 Eastlawn Point,El Salvador
690,Dal,9924,Logon,8 Homewood Point,Philippines
691,Earle,62,Buenavista,4841 Kedzie Street,Mexico
692,Cordi,7,Clarines,054 Monica Plaza,Venezuela
693,Drud,15,Miaoya,21093 Forster Trail,China
694,Robinet,030,Long Hồ,80 West Hill,Vietnam
695,Corbet,4246,Alor Setar,39 Beilfuss Drive,Malaysia
696,Carley,46861,Injīl,570 Elka Alley,Afghanistan
697,Edmund,14,Qingtaiping,43 Merry Drive,China
698,Suzette,21524,Neglasari,1227 La Follette Parkway,Indonesia
699,Dagmar,31118,Patrocínio,71 Cambridge Street,Brazil
700,Meta,882,Carman,83 Miller Place,Canada
701,Christean,4,Onomichi,8056 Cambridge Terrace,Japan
702,Rayshell,4,Kousa,5645 Calypso Circle,Egypt
703,Ailis,4,Póvoa de Santo António,3 Gina Street,Portugal
704,Hermy,69854,Yufa,44 Londonderry Street,China
705,Israel,15284,Datong,700 Buell Circle,China
706,Norry,397,Čačak,1409 Mariners Cove Pass,Serbia
707,Kellina,8440,Santa Cecilia,2 Elka Pass,Mexico
708,Dunstan,1,Hamburg,02 Springview Parkway,Germany
709,Jorgan,6,El Copé,8 Ludington Parkway,Panama
710,Ferd,4450,Aviles,724 Sheridan Road,Spain
711,Genvieve,966,Villeta,12 Cody Terrace,Colombia
712,Talya,6,Lodoyo,2 Del Mar Plaza,Indonesia
713,Billy,64617,Munjul,4 Nobel Center,Indonesia
714,Helli,7138,Miyata,05762 Gulseth Alley,Japan
715,Sheba,31334,Shangma,04 Thierer Junction,China
716,Frederick,325,Përmet,672 Lindbergh Court,Albania
717,Dennis,6659,Garnich,35479 Prentice Plaza,Luxembourg
718,Morlee,0847,Baisha,4 Mockingbird Street,China
719,Gary,8338,Loangmaka,66499 Swallow Crossing,Indonesia
720,Ashly,05,Kinalaglagan,2 Hooker Place,Philippines
721,Reilly,3363,Juripiranga,745 Goodland Junction,Brazil
722,Eddy,3981,Preserje pri Radomljah,0 Harper Parkway,Slovenia
723,Edouard,4,Pancanagara,34 Becker Drive,Indonesia
724,Maynord,12190,Juradó,2 Rutledge Court,Colombia
725,Annecorinne,348,Maymana,17 Calypso Pass,Afghanistan
726,Georgeanna,25375,Sakon Nakhon,94105 Kensington Court,Thailand
727,Jannel,67445,Pervomayskaya,58626 Helena Way,Russia
728,Bartolemo,65560,Lewoluo,15301 Fairview Crossing,Indonesia
729,Tarah,0816,Prachin Buri,69 Union Pass,Thailand
730,Darcie,1863,Nabīnagar,564 Vernon Terrace,Bangladesh
731,Hort,786,Caomiao,7 Hoard Park,China
732,Denis,209,Tongyu,312 Mcguire Lane,China
733,Bar,6090,Diwopu,4268 4th Junction,China
734,Rana,08616,Solčava,88560 2nd Lane,Slovenia
735,Virgil,09394,Castedo,8796 Fairview Road,Portugal
736,Jorey,82,Lianyuan,33935 Tennessee Court,China
737,Willyt,42,Zhaoxiang,328 Talmadge Drive,China
738,Leanna,57051,Jingmao,5609 Sloan Center,China
739,Corbet,3819,Zhaoqing,1439 Bashford Place,China
740,Klarrisa,799,Lowotukan,5 Grasskamp Center,Indonesia
741,Ambur,01216,Mitake,7423 Loftsgordon Point,Japan
742,Eda,558,Xiongshan,8493 Farragut Place,China
743,Gar,9,Xinfeng,050 American Ash Plaza,China
744,Antoine,38,Birigui,7486 Summit Avenue,Brazil
745,Thomas,552,Doong,2 Tennyson Alley,Philippines
746,Dene,9,Kitcharao,6 Carpenter Crossing,Philippines
747,Cecilia,7286,Madimba,281 Sundown Way,Tanzania
748,Travers,1241,Tomakomai,56653 Schlimgen Circle,Japan
749,Irvin,545,Dębowiec,0 Namekagon Court,Poland
750,Jobie,8671,Aráchova,4660 Artisan Drive,Greece
751,Jenine,29,Eastern Suburbs Mc,34273 Dryden Trail,Australia
752,Dollie,379,Casal da Serra,81 Fremont Point,Portugal
753,Kevon,601,San Vicente,21561 Emmet Junction,Philippines
754,Jackquelin,79,Murcki,44421 Magdeline Circle,Poland
755,Page,8,Tieling,343 Clove Junction,China
756,Celestyna,287,Giesteira,21 Meadow Vale Avenue,Portugal
757,Mela,6126,Sumberan,9416 Daystar Plaza,Indonesia
758,Deidre,31530,Mor Laok,730 Kingsford Point,Indonesia
759,Eirena,2924,Kudusan,48598 Spenser Alley,Indonesia
760,Winfred,6249,Paraíso das Águas,15430 Parkside Alley,Brazil
761,Wash,97,Pérama,089 Carberry Hill,Greece
762,Aubrie,2505,Lugang,3848 Tomscot Road,China
763,Candide,19,Rawannawi Village,4 Cambridge Avenue,Kiribati
764,Wendell,97,Fatumuti,080 Roth Terrace,Indonesia
765,Nariko,25,Pasirnangka,1002 Lillian Park,Indonesia
766,Jackie,9238,Guanzhuang,729 Kropf Point,China
767,Sephira,7,Waishan,2823 Carpenter Drive,China
768,Griffy,6,Ipoh,7 Sloan Plaza,Malaysia
769,Gene,0,Doyong,37 Debra Alley,Philippines
770,Elisabetta,1,Aviles,9691 Manitowish Terrace,Spain
771,Amanda,12916,Américo Brasiliense,21299 International Terrace,Brazil
772,Cleopatra,698,Balad,80863 Longview Pass,Iraq
773,Burr,67,Iksan,32 Bartillon Pass,South Korea
774,Pippy,33,Martensville,4972 Kim Park,Canada
775,Clari,1,Rajsko,1 Maple Circle,Poland
776,Fredek,87078,Aviá Terai,52620 Beilfuss Pass,Argentina
777,Maggee,831,Itupiranga,95 Vermont Road,Brazil
778,Stanton,3,Āsasa,5 Portage Trail,Ethiopia
779,Codee,13,Rumyantsevo,7269 Debra Junction,Russia
780,Nahum,8,Rebe,80676 Kenwood Parkway,Philippines
781,Odille,53,Al Qaryatayn,2043 Sachtjen Crossing,Syria
782,Shea,88,San Simón,2 Menomonie Center,Venezuela
783,Lulu,5,Cantao-an,1 Troy Street,Philippines
784,Sterne,0389,Shuangyang,2 Red Cloud Drive,China
785,Karyl,9,Shuozhou,5727 Pine View Point,China
786,Price,57850,Goim,84 Main Plaza,Portugal
787,Nancy,47874,Pápa,3 Twin Pines Plaza,Hungary
788,Lazarus,9659,Zhen’an,104 Corry Junction,China
789,Brynn,323,Wysoka,19 Linden Place,Poland
790,Joceline,4914,Cuauhtemoc,49 North Pass,Mexico
791,Dukie,17647,La Mohammedia,012 La Follette Hill,Tunisia
792,Carie,562,Bununu Dass,21 Melody Plaza,Nigeria
793,Bartholomeo,32929,Cahabón,11 Forest Dale Place,Guatemala
794,Thorndike,959,Malonty,77013 Elka Trail,Czech Republic
795,Conchita,99,Casa Nova,542 Weeping Birch Drive,Portugal
796,Lloyd,61,Libertad,939 Donald Drive,Philippines
797,Elisha,7,Efeng,2669 Reindahl Drive,China
798,Everard,3683,Thị Trấn Thanh Lưu,5 John Wall Street,Vietnam
799,Lavinia,7163,Trebisht-Muçinë,07 Lindbergh Street,Albania
800,Wendel,6041,Lallayug,80458 Bartillon Junction,Philippines
801,Jedidiah,43903,Vohibinany,407 Stuart Place,Madagascar
802,Ammamaria,8,Bila Krynytsya,5825 Bellgrove Court,Ukraine
803,Teodorico,64693,Sumbergebang,34 Northland Court,Indonesia
804,Babbette,37,Balayong,7 Thackeray Terrace,Philippines
805,Goddard,33,Bothaville,7287 Linden Street,South Africa
806,Graig,3,Napanee Downtown,5 Northview Crossing,Canada
807,Joyan,3048,Sadabumi,22 Buell Junction,Indonesia
808,Emeline,17126,Hola Prystan’,8 Farwell Drive,Ukraine
809,Franny,34,San Jose,0591 Basil Alley,Philippines
810,Rheta,684,Frydek,43965 Amoth Road,Poland
811,Gerianna,134,Moholm,9 American Ash Road,Sweden
812,Vance,60629,Podgortsy,732 Scoville Road,Ukraine
813,Harald,35,Amahusu,762 Randy Way,Indonesia
814,Levey,293,Lichengdao,54292 Lakeland Pass,China
815,Titus,6,Isojoki,1 Ridge Oak Lane,Finland
816,William,7742,Tengqiao,29 Ridge Oak Terrace,China
817,Dev,54978,Heping,113 Bellgrove Drive,China
818,Olga,311,Gakem,5485 Schlimgen Hill,Nigeria
819,Dorree,87205,Xitianwei,816 Red Cloud Lane,China
820,Kayne,7,Poconé,0501 Morning Drive,Brazil
821,Hattie,50,Guzhen,1 Kings Crossing,China
822,Carlynn,0,Belém,1 Crest Line Terrace,Brazil
823,Pauli,2,Chengzhai,6 Kinsman Plaza,China
824,Dillie,788,Lesogorsk,7224 Buhler Junction,Russia
825,Coreen,81537,Bełżyce,284 Continental Pass,Poland
826,Ilse,77,Daugavgrīva,8991 Darwin Way,Latvia
827,Corny,90,Símantra,770 Farmco Trail,Greece
828,Chrisse,4,Qarah Ẕīā’ od Dīn,841 Straubel Junction,Iran
829,Kris,0,Xiaoduchuan,2442 Menomonie Lane,China
830,Klarika,3129,Lazaro Cardenas,58929 Brickson Park Park,Mexico
831,Genna,161,Manalu,34 Fisk Trail,Indonesia
832,Dyan,9,Joal-Fadiout,9207 Knutson Park,Senegal
833,Luther,4,Arevshat,038 Village Circle,Armenia
834,Cristy,50730,Saint-Félicien,0 Forest Pass,Canada
835,Donica,0871,Chŏngju,8 Farragut Place,North Korea
836,Cathryn,22,Nzeto,109 Mallard Alley,Angola
837,Becky,880,Bernardo Larroudé,0715 Debs Pass,Argentina
838,Adelind,6168,Paiisa,4 Hanover Center,Philippines
839,Simonne,59558,Pasacao,27 Forest Run Alley,Philippines
840,Talya,9256,Sagae,5 Hintze Alley,Japan
841,Melonie,89648,Tambawel,913 Petterle Lane,Nigeria
842,Gregor,18,Ashibetsu,81 School Junction,Japan
843,Theobald,25267,Guanqian,57 Macpherson Plaza,China
844,Kenyon,6533,Tiling,4 Hooker Street,Philippines
845,Morly,0956,Valenciennes,628 Bultman Crossing,France
846,Kylie,060,Cruz,98 Logan Road,Portugal
847,Kennedy,0,Mencon,85 Summerview Circle,Indonesia
848,Burg,322,Meixi,9159 Blackbird Road,China
849,Melicent,214,Balangkayan,2077 Lyons Road,Philippines
850,Merci,34,Tembisa,03698 Kedzie Park,South Africa
851,Newton,5865,Město Albrechtice,42208 Huxley Court,Czech Republic
852,Debi,6656,Liuxia,30359 Dottie Court,China
853,Sidnee,365,Gustavsberg,25455 Washington Road,Sweden
854,Damaris,5258,Kvartsitnyy,04970 2nd Pass,Russia
855,Emeline,08295,Arboga,56481 Eggendart Trail,Sweden
856,Maximilian,865,Jacksonville,1 Hudson Plaza,United States
857,Maude,0085,Sombor,42398 Onsgard Drive,Serbia
858,Carmen,61,Guan’e,8908 North Place,China
859,Marketa,20,Staraya Kulatka,26780 Pepper Wood Park,Russia
860,Pembroke,5,Tambulig,8 Lillian Plaza,Philippines
861,Roseline,904,Pavlysh,10494 Tomscot Street,Ukraine
862,Arlan,35641,Peuara,8 Anniversary Trail,Indonesia
863,Tildy,8,Los Angeles,09040 Debs Road,United States
864,Gerta,67132,Itbayat,523 Tennessee Crossing,Philippines
865,Philippe,1643,Al ‘Anān,705 Redwing Park,Yemen
866,Marrilee,7727,Leudelange,23816 Talmadge Center,Luxembourg
867,Courtenay,83008,Lokosovo,61 2nd Street,Russia
868,Juliana,964,El Zulia,98 Crescent Oaks Lane,Colombia
869,Jaquith,161,San Bernardo,91 2nd Crossing,Philippines
870,Goddart,1,Potelych,4236 Parkside Terrace,Ukraine
871,Astrid,0,Sanjwāl,654 Meadow Valley Terrace,Pakistan
872,Guthry,57335,Usevia,1664 Dottie Alley,Tanzania
873,Stanislaus,06600,Pajagan,6 Harbort Pass,Indonesia
874,Carny,9133,Kiihtelysvaara,7 Karstens Avenue,Finland
875,Joseph,40,Simod,66 Lillian Court,Philippines
876,Olympia,57266,Zhili,9970 Hudson Way,China
877,Talyah,8326,Paraguaçu,3306 Knutson Lane,Brazil
878,Bea,46,Dragash,0 Clove Hill,Kosovo
879,Hayes,53551,Christiana,045 Oak Center,South Africa
880,Marven,50,Brodek u Přerova,537 School Court,Czech Republic
881,Dotti,649,Lao Suea Kok,4880 Amoth Junction,Thailand
882,Ronda,55357,Tangyu,3215 Sutteridge Lane,China
883,Felizio,78451,Bafoulabé,4 Prairie Rose Center,Mali
884,Philbert,2051,El Capulin,6168 Bunting Center,Mexico
885,Reid,42795,Bobigny,560 Fisk Court,France
886,Gonzalo,37,Agriá,2 Crowley Avenue,Greece
887,Nancey,9,Makueni,6844 Gateway Hill,Kenya
888,Susannah,9770,Tairan Camp,222 Spenser Junction,Philippines
889,Loydie,2,Motge,66 Fuller Parkway,China
890,Wakefield,64,Kakhovka,4 West Crossing,Ukraine
891,Carri,79,Taounate,887 Ramsey Way,Morocco
892,Joann,028,Aston,6 Holy Cross Junction,United Kingdom
893,Lexis,18088,Chrast,09 Mifflin Parkway,Czech Republic
894,Ketty,2688,Huamali,5312 Sutherland Drive,Peru
895,Tyson,27732,Lianxia,79 Melrose Place,China
896,Min,510,Beishidian,8458 Dixon Pass,China
897,Caye,56002,Słubice,35 Reinke Trail,Poland
898,Hamel,95839,Sap Yai,1804 Annamark Parkway,Thailand
899,Wallis,934,Upper Hell's Gate,032 Towne Place,"Bonaire, Saint Eustatius and Saba "
900,Welsh,0,Xiaocun,3993 Rieder Alley,China
901,Myrah,4174,Cacoal,568 Grover Road,Brazil
902,Rosaleen,2,Caihe,24094 Granby Pass,China
903,Myrilla,01769,Ouzini,7776 Orin Circle,Comoros
904,Aida,26721,Osielsko,2923 Kings Park,Poland
905,Tirrell,3,Palca,8796 Bunker Hill Street,Peru
906,Sisile,2123,Zuoxi,08 Sloan Court,China
907,Candy,58716,Amagbagan,19477 6th Court,Philippines
908,Noak,338,Sandaohezi,89408 Kingsford Avenue,China
909,Gregoor,0,Darpas,011 Donald Lane,Armenia
910,Kathe,6,Néos Skopós,965 East Parkway,Greece
911,Ardelia,56658,Dabu,63 Westridge Terrace,China
912,Caril,0138,Lubasz,9 Portage Circle,Poland
913,Lacy,841,Mingyihe,44 Ryan Place,China
914,Wilbur,9862,Jastrebarsko,1084 Westerfield Park,Croatia
915,Roberto,42360,Dafang,00 Bonner Alley,China
916,Zared,00,Boliney,04617 Arkansas Hill,Philippines
917,Gavan,6,Camarate,7 Monterey Terrace,Portugal
918,Jeffrey,99,Dłutów,28673 Sage Terrace,Poland
919,Danna,029,Viking,721 Arapahoe Pass,Canada
920,Maximilien,9710,São Pedro Gafanhoeira,74 Dottie Junction,Portugal
921,Bone,1988,Santa Rita do Passa Quatro,47565 Mayer Pass,Brazil
922,Marieann,57,Linköping,48350 Susan Crossing,Sweden
923,Tomasina,2,Heshi,9907 Marquette Drive,China
924,Consuelo,307,Buutuo,07858 Spaight Hill,Liberia
925,Eberto,20899,Dongfanghong,65 Lillian Road,China
926,Petronille,774,Caen,8 Schlimgen Crossing,France
927,Bevan,562,Hafnarfjörður,6359 Vermont Drive,Iceland
928,Abbie,5058,Kombissiri,61286 Farmco Park,Burkina Faso
929,Inglebert,502,Qiantang,720 Milwaukee Crossing,China
930,Brendis,7249,Hemudu,262 Summerview Parkway,China
931,Sigvard,4,Reutlingen,641 Hansons Parkway,Germany
932,Padraic,3237,Wangzha,4 Duke Lane,China
933,Cornall,04,Ploemeur,52188 Delaware Road,France
934,Fawne,355,Jamaica,9 Donald Parkway,United States
935,Freeman,1,Olympia,124 Division Lane,United States
936,Prisca,043,Maragogi,20 Dawn Alley,Brazil
937,Zarla,4,Mungkin,95713 Waxwing Alley,Indonesia
938,Whitney,97273,Paris 18,3794 Upham Alley,France
939,Berkeley,3,Montego Bay,985 Green Ridge Trail,Jamaica
940,Ingunna,1,Gostimë,88 Gulseth Crossing,Albania
941,Dodie,83970,Cirateun,34858 Nancy Junction,Indonesia
942,Aili,1,Beselga,459 Esker Park,Portugal
943,Stacy,5384,Alaminos,4491 2nd Road,Philippines
944,Chrystal,57519,Tandaltī,54 Dakota Parkway,Sudan
945,Mariellen,37125,Qiying,6681 Schurz Alley,China
946,Trudey,186,Riangderi,4727 Thackeray Road,Indonesia
947,Normand,364,Krajan Baru,4540 Maryland Court,Indonesia
948,Leda,3425,Duqiao,3432 American Ash Road,China
949,Corrie,2,Calvário,52 Armistice Street,Portugal
950,Marnie,124,Teresópolis,9882 East Trail,Brazil
951,Mort,5093,Viimsi,78 Granby Drive,Estonia
952,Lynde,90,Giesteira,86 Cordelia Way,Portugal
953,Taddeusz,452,Norrköping,10 Norway Maple Drive,Sweden
954,Lin,23,Vicente Guerrero,3692 Cottonwood Plaza,Mexico
955,Ewen,61364,Sonorejo,247 Carpenter Parkway,Indonesia
956,Mara,3352,Sivaki,8 Hagan Avenue,Russia
957,Trefor,681,Morshansk,76785 Tennessee Plaza,Russia
958,Holly-anne,79996,Aberdeen,4189 Manitowish Alley,United Kingdom
959,Sapphire,88090,Tabalong,5 Crest Line Junction,Philippines
960,Kelci,55,Pule,8591 Welch Avenue,Indonesia
961,Tabor,72,Georgīevka,27 Morrow Road,Kazakhstan
962,Garey,37,Talangbetutu,2 Blaine Pass,Indonesia
963,Junette,75505,Soio,83 Red Cloud Street,Angola
964,Skye,6,Wuyang,906 Carberry Circle,China
965,Levi,85,Muzhijie,5 North Drive,China
966,Charmian,16,Pudasjärvi,31 Talmadge Plaza,Finland
967,Josy,6440,Tromsø,908 Sauthoff Place,Norway
968,Marilee,73,Lanckorona,9 Roxbury Plaza,Poland
969,Layla,2,Kotri,87636 Browning Circle,Pakistan
970,Lilian,89,Uptar,36871 Manitowish Drive,Russia
971,Artair,68674,Khvalynsk,83944 Dottie Terrace,Russia
972,Reinhard,70,Barreiro do Jaíba,99925 Riverside Hill,Brazil
973,Mattie,9,La Loma,135 Red Cloud Place,Mexico
974,Mechelle,759,Kufa,12 Ridgeway Avenue,Iraq
975,Sheridan,8311,Nantes,4 Waxwing Point,France
976,Almire,0,Sātkania,7 Fuller Court,Bangladesh
977,Francisco,490,Machala,5995 Center Avenue,Ecuador
978,Sollie,69,Stockholm,90025 Debra Pass,Sweden
979,Michaelina,3,Lâm Thao,34727 Holmberg Street,Vietnam
980,Verene,6460,Qal‘ah-ye Kūf,194 Mariners Cove Place,Afghanistan
981,Fiona,8,Trairi,4467 Saint Paul Hill,Brazil
982,Sergeant,5361,Buenavista,959 Blaine Lane,Philippines
983,Gilburt,7,Huliao,19921 Spohn Avenue,China
984,Waylin,30583,Tripoli,6240 Sunfield Center,Lebanon
985,Babita,38305,Barrosa,07072 Shelley Crossing,Portugal
986,Erhard,3280,Warburton,2790 Lakeland Alley,Pakistan
987,Jemimah,5,Banjarwaru,8155 Sutherland Trail,Indonesia
988,Stevy,31422,Guozhai,448 Morningstar Way,China
989,Ado,5,Zhouling,5 Dunning Lane,China
990,Horatius,71407,Urazovo,2343 Warner Park,Russia
991,Luciana,17,Caobi,272 Oak Junction,China
992,Faber,83842,Bałtów,82 Toban Alley,Poland
993,Jerry,2,Skore,7388 Arapahoe Drive,Albania
994,Thatcher,98,Břasy,279 Fairfield Court,Czech Republic
995,Mathew,40281,Jinhua,5 Gale Way,China
996,Angelo,52328,Wang Yang,43621 Artisan Road,Thailand
997,Ilaire,24659,Galižana,5806 Sommers Court,Croatia
998,Marin,87160,Shenshu,197 Weeping Birch Way,China
999,Whitney,85168,Beijiang,6 Mockingbird Crossing,China
1000,Kristine,9,Mont-Saint-Aignan,18606 Fremont Parkway,France
